all_splice_pairs_annotations	b8b6224b20697e03ebc5cd3cfa707e48e54d5b19e89e342c88206b7282c98e13
all_splice_sites_annotations	1fc53c348024a0f2dbad4ee3867f57051319fc4cba9551f2b8c5b6c689353d5e
chr_to_id	7fe6057ea10d9ec9b4e565f54e85945208f627897e5d93e273a77b84377e08e8
exon_choordinates_to_id	c5d40cc9e5234d4f44668782030d077cb1a66a48f185bd503bf59c86ae4d7527
flank_choordinates	ee13c29648cc72ed5135816e63b0ce4980c697c51f4f78c1bbc094f44e57b826
gene_to_small_segments	f9a241f4cbe8a6470df33492c82565016f327dd8029a91be19f22f59f392aaf2
id_to_chr	73fa1c89942488dcb8b8200a7234d3596b46b7da09ddfed76cf3aff291dd7ab8
max_intron_chr	0017dcc8fecda62964aafa1d34d6b5ca251419fe416defe42532e07993c5b6d1
parts_to_segments	31ce1f0f7079491a7766e7b55391bf53846005611e4c1c4e64ce2ef98e4d3fe8
ref_exon_sequences	7e6f82a4a8e6fc27eff33a84850dab7e52aef56536d39d2fdac9fe79978fd214
ref_flank_sequences	f00205f7ee0959a52fc6701170598c40ab9231af2deb1480a64d6fb1a17e1d34
ref_part_sequences	87e7b94d9972303574bf6dc1509bf07f9b5b8e5ebe3ff217cecb09211a0856a0
ref_segment_sequences	76cedd8751127a0bf71085fa3f024e9a145f322863917571cf65faeeeb93b3ec
refs_id_lengths	8726c6b86b7939d8b554113883c005e38b6de37280833edcecc7a01783b69533
refs_lengths	3dce540d9f7c388edb7e30e60d9384dacca1a32dfdcca483f9bdc3f3b6de5216
segment_id_to_choordinates	c014b083d4805e3e0ab090bbedce633cb9f627c328289b094be597d0fc649e8a
segment_to_gene	40d9c839f3e79127f4936dae605adb6cefadcf674eaf6c9a2620b45dd84282c8
segment_to_ref	5e19638cf19e574ed2ac33d030f51e6b17779d05cf06b011c3c22faf74ecc5a0
splices_to_transcripts	5ef618ec836968a8a7d6488fec8caa1908850bcd7b6892070f5392f55f89f20d
transcripts_to_splices	e04bc9eefd6cad086c36fcfbaa100743d6d6f00b29a4583af2d62e1aa566a349
