oracle	oracle	all_splice_pairs_annotations.pickle
oracle	oracle	all_splice_sites_annotations.pickle
oracle	oracle	chr_to_id.pickle
oracle	oracle	database.db
oracle	oracle	exon_choordinates_to_id.pickle
oracle	oracle	flank_choordinates.pickle
oracle	oracle	gene_to_small_segments.pickle
oracle	oracle	id_to_chr.pickle
oracle	oracle	max_intron_chr.pickle
exists	size:1456	namfinder_stderr.1
oracle	oracle	parts_to_segments.pickle
hash	0ce953d5e4ea30181262d7c733ecb4ef5fb35d36e7afef0729596fcea6aa4f65	reads.sam
gunzip	a7f2cbb4390da7f986773e6f546c184296715a63dcd89faab472da1d9aa38833	reads_tmp.fa.gz
oracle	oracle	ref_exon_sequences.pickle
oracle	oracle	ref_flank_sequences.pickle
oracle	oracle	ref_part_sequences.pickle
oracle	oracle	ref_segment_sequences.pickle
oracle	oracle	refs_id_lengths.pickle
oracle	oracle	refs_lengths.pickle
gunzip	96e6c3a129f1e4382ba5c462ffe25848140f82f19e30bc308bf8a35f6a9c7dfc	seeds.txt.gz
oracle	oracle	segment_id_to_choordinates.pickle
oracle	oracle	segment_to_gene.pickle
oracle	oracle	segment_to_ref.pickle
oracle	oracle	splices_to_transcripts.pickle
oracle	oracle	transcripts_to_splices.pickle
