scrub_pg	0f78e3266637092bd1033fae7b0ef5fa0908c1cce6142e827a3e36a6c7e4f495	indexed.sam
scrub_pg	1a687445034c0c6f624f92a0a817b17d43e9613da186185d952d1f8902e67383	minimap2.sam
exists	size:738	minimap2_errors.1
exists	size:1465	namfinder_stderr.1
sam	0c246b1bc3d28de2ed5ebc1d736eac8d15ed4c239a736ec827e05adee2bf7b3c	reads.sam
hash	47a8ad9dbdc2edf8a4a7612849b31dae2b5ab04fcf938b786705c5c27e534a0a	reads_after_genomic_filtering.fastq
gunzip	a7f2cbb4390da7f986773e6f546c184296715a63dcd89faab472da1d9aa38833	reads_tmp.fa.gz
hash	4d1602b02085e420bd4519d357b931bddb0ccbda08cff4f98518c6a32f17311e	refs_sequences.fa
gunzip	9c317329b03d827fa4acd65bfbb82eb3c127bdbb320a898038e71a823d27ae96	seeds.txt.gz
exists	size:0	uLTRA_batch_0.stderr
exists	size:0	uLTRA_batch_1.stderr
exists	size:0	uLTRA_batch_2.stderr
scrub_pg	c4070beb78b933183d594b9967f2423c6c9a8ba99acf4d5cf26123c3ca8daf07	unindexed.sam
