scrub_pg	ca4721263ec764878db66271d9f719eb27c23aa355d9b7f7b9e56c0e7aff847d	indexed.sam
scrub_pg	8e5ad52fddcb2b513076d4a8d10bf6c36114a7c4dc0dc75455b761ff322c58b9	minimap2.sam
exists	size:721	minimap2_errors.1
exists	size:1465	namfinder_stderr.1
hash	177628e7a87a5abd3956f3f89e609cbc168d3f049d178960df74308e776091dd	reads.sam
hash	568bda8a4cab4ff10e24cbdefcddd635ed5c8f09db170d74cee99d7e5e862363	reads_after_genomic_filtering.fastq
gunzip	de1ad7f6070c659cc81bef7f8c760622a049bf952adbdd4d29e546528a3a9b83	reads_tmp.fa.gz
hash	43a2616f8d0e8320a7724b882dd3070f9307ff3bdd5c940232b59cd96b84fb84	refs_sequences.fa
gunzip	3a2cdf420cac58e1ffc7cde6faa175ceb77c769b72a3c7d93baa75944228d3d5	seeds.txt.gz
exists	size:0	uLTRA_batch_0.stderr
exists	size:0	uLTRA_batch_1.stderr
exists	size:0	uLTRA_batch_2.stderr
scrub_pg	c4070beb78b933183d594b9967f2423c6c9a8ba99acf4d5cf26123c3ca8daf07	unindexed.sam
