all_splice_pairs_annotations	35244ca6ec492f1fdeb635bc768f0b84b52f3a824ba3b994c25b480b97b6dabe
all_splice_sites_annotations	804b5007814712d2ee52ef2d85f56e98a1db22f510cf5b8c389d0011cefb38f1
chr_to_id	46a8f6e6820c7947beaf02fb603824a87d35d3cde8f6bc42c0bf4c202323fdf4
exon_choordinates_to_id	0ccd03f15f4e3340891f038de781f46053d8a5b9807f76a7a5e96d9173d81672
flank_choordinates	e43a005da869fefe9604cf32c5bb1271c676d5834dac80cc430daefbf5e70f87
gene_to_small_segments	b072b0782335bcfae3c72a01078ae0116bc88ed5a0d0ee1087d68d528c2c83fb
id_to_chr	3e44d9eabae59e58be70809a35bb7230f49b9479101613a46b07a34ea932afec
max_intron_chr	884e8a88e5fd2788a058c89e85dae86c8c28b5971c88fd673d9c2ceaf28c4b81
parts_to_segments	ad9424e05b04204b1824069a7a2a4948d37d0d33828c304ef7dbf1303d378ddf
ref_exon_sequences	ba1a33d5e11acc7e62ffcf9984c6d186738196a86cadb6f02015f3d3a2acfb0f
ref_flank_sequences	f2a8cf5286dd2c062e530a76ca3992ca7fe8506f3f7c994badac1c9517381c14
ref_part_sequences	4d1b7e85c076a266417953adae78e689b7ade61546f5aac38f76a3ca4d1dca7b
ref_segment_sequences	5d9ab434a538bdec51ae5e67275af095762baa28c4fd5c70c171806605c6d836
refs_id_lengths	b46dee1e0efbec76fac90c7d78b7c526229d8547aad7593b7bf9fc2100787a2b
refs_lengths	4da0bcf96fb0ac5de3e63696ee268ab3907d6eedf319aa762b9505478bf7cab4
segment_id_to_choordinates	bfadd325aea25eb047f5109e5a525a950be30963726e6a600cb9b5994f579826
segment_to_gene	8a9bbd77aee2993a242aa5ccd7547c185a8927d59769900a86a95139338183d0
segment_to_ref	be2ae1bc72a302480cb3c3bcb0e886ca6947719e3ea00c7001b238452d07ff5f
splices_to_transcripts	7582dd5845c73c63c706f4988a7e93fa291fc9a49d71a7c34b25ccfdb56a0d15
transcripts_to_splices	daba2b668889c75972a4af4dba1c028a00708bc722d398271346b617efb8a1b6
